EM,Token_F1,Token_Precision,Token_Recall,METEOR,BLEU,BERTScore_P,BERTScore_R,BERTScore_F1,LCS,Jaccard_Similarity,Hamming_Distance,NLI_Precision,NLI_Recall,NLI_F1,GEval_Precision,GEval_Recall,GEval_F1,Emb_Precision,Emb_Recall,Emb_F1,Retrieval_Precision,Retrieval_Recall,Retrieval_F1,Faithfulness,Context_Precision,Context_Recall,Answer_Relevance,Token_Accuracy,Fuzzy_Accuracy,Meaning_Accuracy_LLM,Meaning_Accuracy_Emb,AUC_ROC,Global_Error_Rate,Error_Detection_Rate,Error_Rejection_Rate
0.1377245508982036,0.6016580363209784,0.5388674301330906,0.7709202506856958,0.6263759089693597,0.24689144283239442,0.9133078144220059,0.9285853245777046,0.9204614762060657,0.5162873723189548,0.4999462684456649,40.87225548902195,1.0,1.0,1.0,0.83129,0.8232035928143713,0.857077678780337,0.8083534466768215,0.8067234470815716,0.8072344782858986,0.14626970361445782,0.9786381228915663,0.21435335421686744,0.36027879306322425,0.8844910539433866,1.0,0.08462886026913594,0.7770686101159311,0.8185047799052703,0.8504590818363268,0.812873489366558,0.9872685185185185,0.2694610778443114,1.0,1.0
